Timestamp,"Atlanta, GA Temp","Atlanta, GA Humidity","Atlanta, GA Precipitation","Atlanta, GA Cloudage","Atlanta, GA Wind Speed"
2023-09-25T00:00:00-04:00 New_York,77,44.79166667,0,16.33333333,3.666666667
2023-09-26T00:00:00-04:00 New_York,76.04166667,55.20833333,0.004166667,46.41666667,5.125
2023-09-27T00:00:00-04:00 New_York,69.66666667,81.41666667,0,73.25,8.333333333
2023-09-28T00:00:00-04:00 New_York,72.16666667,61.5,0,28.375,7.708333333
2023-09-29T00:00:00-04:00 New_York,74.75,58.83333333,0,10.29166667,4.416666667
2023-09-30T00:00:00-04:00 New_York,78.25,52.875,0,14,2.666666667
2023-10-01T00:00:00-04:00 New_York,76.625,54.33333333,0,25.95833333,6.208333333
2023-10-02T00:00:00-04:00 New_York,75.04166667,53.08333333,0,7.958333333,5.125
2023-10-03T00:00:00-04:00 New_York,74.58333333,53.91666667,0,5.416666667,5.083333333
2023-10-04T00:00:00-04:00 New_York,74.25,55.5,0,16.75,5.916666667
2023-10-05T00:00:00-04:00 New_York,72.79166667,53.75,0,19.58333333,5.541666667
2023-10-06T00:00:00-04:00 New_York,72.41666667,58.91666667,0.008333333,59.08333333,4.208333333
2023-10-07T00:00:00-04:00 New_York,63.75,40.875,0,1.041666667,12.08333333
2023-10-08T00:00:00-04:00 New_York,58.08333333,36.625,0,0.083333333,6.916666667
2023-10-09T00:00:00-04:00 New_York,63.04166667,37.70833333,0,5.666666667,6.208333333
2023-10-10T00:00:00-04:00 New_York,68.70833333,44.70833333,0,8.083333333,6.875
2023-10-11T00:00:00-04:00 New_York,66.70833333,64.45833333,0.037500001,61.75,5.125
2023-10-12T00:00:00-04:00 New_York,62.83333333,81.70833333,0,90.875,8.916666667
2023-10-13T00:00:00-04:00 New_York,60.66666667,87.16666667,0,93.58333333,7.75
2023-10-14T00:00:00-04:00 New_York,66,74.75,0,60.29166667,6.791666667
2023-10-15T00:00:00-04:00 New_York,56.54166667,68.5,0,57.75,11.58333333
2023-10-16T00:00:00-04:00 New_York,52.58333333,60.83333333,0,36.29166667,10.875
2023-10-17T00:00:00-04:00 New_York,55.375,63.79166667,0,16.875,4
2023-10-18T00:00:00-04:00 New_York,60.125,59,0,2.458333333,3.208333333
2023-10-19T00:00:00-04:00 New_York,61.79166667,63.54166667,0,39.875,5
2023-10-20T00:00:00-04:00 New_York,63.25,67.91666667,0.0125,52.29166667,9.083333333
2023-10-21T00:00:00-04:00 New_York,65.125,41.54166667,0,15.66666667,7.75
2023-10-22T00:00:00-04:00 New_York,66,39.875,0,50.20833333,9.333333333
2023-10-23T00:00:00-04:00 New_York,62.83333333,48.66666667,0,43.33333333,5.916666667
2023-10-24T00:00:00-04:00 New_York,62.16666667,49.29166667,0,15.625,6.416666667
2023-10-25T00:00:00-04:00 New_York,62.95833333,60.33333333,0,25.16666667,6.166666667
2023-10-26T00:00:00-04:00 New_York,67.58333333,70.125,0,40.79166667,6
2023-10-27T00:00:00-04:00 New_York,68.95833333,66.29166667,0,25,3.375
2023-10-28T00:00:00-04:00 New_York,71.41666667,62.5,0,31.5,3.208333333
2023-10-29T00:00:00-04:00 New_York,71.95833333,61.375,0,5.125,4.375
2023-10-30T00:00:00-04:00 New_York,70.20833333,62.95833333,0,23.66666667,8.416666667
2023-10-31T00:00:00-04:00 New_York,53.625,54.83333333,0,45.16666667,11
2023-11-01T00:00:00-04:00 New_York,44.125,32.70833333,0,0,10.29166667
2023-11-02T00:00:00-04:00 New_York,47.33333333,31.41666667,0,0,5.291666667
2023-11-03T00:00:00-04:00 New_York,51.08333333,38.79166667,0,14.79166667,4.458333333
2023-11-04T00:00:00-04:00 New_York,58.41666667,46.125,0,0.125,3.291666667
2023-11-05T00:00:00-04:00 New_York,60.83333333,46.20833333,0,11.83333333,5.291666667
2023-11-06T00:00:00-05:00 New_York,63.58333333,49.75,0,1.208333333,2.916666667
2023-11-07T00:00:00-05:00 New_York,65.95833333,54.08333333,0,1.333333333,5.083333333
2023-11-08T00:00:00-05:00 New_York,67.41666667,54.625,0,8.5,5.083333333
2023-11-09T00:00:00-05:00 New_York,66.375,63.45833333,0,40.45833333,5.791666667
2023-11-10T00:00:00-05:00 New_York,63.625,72.875,0,57.33333333,5.75
2023-11-11T00:00:00-05:00 New_York,53.95833333,83.58333333,0.025,97.83333333,6.875
2023-11-12T00:00:00-05:00 New_York,50.95833333,83.83333333,0.016666667,91.625,7.583333333
2023-11-13T00:00:00-05:00 New_York,55.04166667,58.29166667,0,18.875,5.75
2023-11-14T00:00:00-05:00 New_York,56.95833333,52.95833333,0,69.125,6.875
2023-11-15T00:00:00-05:00 New_York,52.04166667,50.83333333,0.004166667,84.16666667,11.45833333
2023-11-16T00:00:00-05:00 New_York,53.75,78.08333333,0.0125,97,9.833333333
2023-11-17T00:00:00-05:00 New_York,62.25,77.33333333,0,70.375,4.916666667
2023-11-18T00:00:00-05:00 New_York,61.5,68,0,27.79166667,8.166666667
2023-11-19T00:00:00-05:00 New_York,57.41666667,55.79166667,0,16.16666667,4.291666667
2023-11-20T00:00:00-05:00 New_York,59.70833333,69.33333333,0,62.45833333,6.625
2023-11-21T00:00:00-05:00 New_York,61,91.41666667,0.087500002,96.66666667,11.41666667
2023-11-22T00:00:00-05:00 New_York,52.875,82.33333333,0,78.41666667,9.416666667
2023-11-23T00:00:00-05:00 New_York,48.5,60.875,0,38.45833333,4.458333333
2023-11-24T00:00:00-05:00 New_York,52.41666667,55.70833333,0,42.20833333,4.041666667
2023-11-25T00:00:00-05:00 New_York,52.16666667,64.25,0,56.58333333,7.041666667
2023-11-26T00:00:00-05:00 New_York,48.70833333,76.83333333,0,63.95833333,6.208333333
2023-11-27T00:00:00-05:00 New_York,46.75,62.04166667,0,32.91666667,10.625
2023-11-28T00:00:00-05:00 New_York,41.83333333,43.54166667,0,22.83333333,9.708333333
2023-11-29T00:00:00-05:00 New_York,41.75,37.54166667,0,3.416666667,4.5
2023-11-30T00:00:00-05:00 New_York,48.625,44.54166667,0,44.41666667,4.375
2023-12-01T00:00:00-05:00 New_York,55.375,82.41666667,0.029166668,91.54166667,5.666666667
2023-12-02T00:00:00-05:00 New_York,61.75,97.33333333,0.162500001,100,6.541666667
2023-12-03T00:00:00-05:00 New_York,61.83333333,77.16666667,0.029166668,94.08333333,7.416666667
2023-12-04T00:00:00-05:00 New_York,53.29166667,72.125,0,37.91666667,8.416666667
2023-12-05T00:00:00-05:00 New_York,49.83333333,59.125,0,20,6.291666667
2023-12-06T00:00:00-05:00 New_York,45.54166667,57.58333333,0,23.5,11.16666667
2023-12-07T00:00:00-05:00 New_York,45.875,51.04166667,0,7.291666667,3.625
2023-12-08T00:00:00-05:00 New_York,50.04166667,60.54166667,0,61.54166667,4.875
2023-12-09T00:00:00-05:00 New_York,57.20833333,88.58333333,0,91.16666667,6.208333333
2023-12-10T00:00:00-05:00 New_York,55.08333333,90.04166667,0.033333334,91.375,11.08333333
2023-12-11T00:00:00-05:00 New_York,41.04166667,52.70833333,0,2,8.666666667
2023-12-12T00:00:00-05:00 New_York,44.79166667,43.25,0,24.5,3.375
2023-12-13T00:00:00-05:00 New_York,46.75,51.91666667,0,60.95833333,4.166666667
2023-12-14T00:00:00-05:00 New_York,47.54166667,52.29166667,0,47.625,8.166666667
2023-12-15T00:00:00-05:00 New_York,45.41666667,44.91666667,0,0,7.625
2023-12-16T00:00:00-05:00 New_York,46.58333333,66.08333333,0.0125,74.33333333,9.75
2023-12-17T00:00:00-05:00 New_York,48.33333333,86.75,0,82.625,10.45833333
2023-12-18T00:00:00-05:00 New_York,46.375,57.875,0,4.25,13.625
2023-12-19T00:00:00-05:00 New_York,38.33333333,33.91666667,0,13.20833333,7.25
2023-12-20T00:00:00-05:00 New_York,40.625,36.16666667,0,73.66666667,2.958333333
2023-12-21T00:00:00-05:00 New_York,45.5,32.45833333,0,13.33333333,1.875
2023-12-22T00:00:00-05:00 New_York,48.41666667,48.25,0,48.04166667,4.125
2023-12-23T00:00:00-05:00 New_York,50.95833333,71.45833333,0,23.95833333,4.25
2023-12-24T00:00:00-05:00 New_York,54.04166667,77.25,0,39.83333333,7.5
2023-12-25T00:00:00-05:00 New_York,57,95.375,0.041666667,100,10.16666667
2023-12-26T00:00:00-05:00 New_York,57.875,97.20833333,0,97.29166667,3.458333333
2023-12-27T00:00:00-05:00 New_York,54,68.66666667,0,33.16666667,4.916666667
2023-12-28T00:00:00-05:00 New_York,45.83333333,55.75,0,31.91666667,7.708333333
2023-12-29T00:00:00-05:00 New_York,38.83333333,63.5,0,48.16666667,8.166666667
2023-12-30T00:00:00-05:00 New_York,39,70.70833333,0,73.54166667,7.375
2023-12-31T00:00:00-05:00 New_York,43.125,64.70833333,0,19.33333333,6.25
2024-01-01T00:00:00-05:00 New_York,46.75,59.08333333,0,38.75,7.416666667
2024-01-02T00:00:00-05:00 New_York,40.20833333,54.66666667,0,16.16666667,4.5
2024-01-03T00:00:00-05:00 New_York,39.58333333,72.75,0.004166667,79.20833333,2.833333333
2024-01-04T00:00:00-05:00 New_York,41.83333333,58.875,0,2.25,6.833333333
2024-01-05T00:00:00-05:00 New_York,41.08333333,57.45833333,0.008333333,37.33333333,8.625
2024-01-06T00:00:00-05:00 New_York,43.5,92.625,0.020833334,95.83333333,6.083333333
2024-01-07T00:00:00-05:00 New_York,46.70833333,61.41666667,0,53.54166667,8.958333333
2024-01-08T00:00:00-05:00 New_York,41.16666667,62.54166667,0,38.16666667,9.416666667
2024-01-09T00:00:00-05:00 New_York,48.91666667,86.66666667,0.108333334,85.54166667,14.95833333
2024-01-10T00:00:00-05:00 New_York,41.08333333,62.41666667,0,66.45833333,11.25
2024-01-11T00:00:00-05:00 New_York,44.16666667,69.625,0,18,4.916666667
2024-01-12T00:00:00-05:00 New_York,47.70833333,84.875,0.004166667,57.04166667,11
2024-01-13T00:00:00-05:00 New_York,38.66666667,51.04166667,0,14.5,10.875
2024-01-14T00:00:00-05:00 New_York,40.29166667,47,0,20.16666667,7.416666667
2024-01-15T00:00:00-05:00 New_York,38.875,45.16666667,0,42.95833333,5.25
2024-01-16T00:00:00-05:00 New_York,31.95833333,59.45833333,0,51.375,11.29166667
2024-01-17T00:00:00-05:00 New_York,26.875,35.20833333,0,0.375,7.291666667
2024-01-18T00:00:00-05:00 New_York,37.29166667,34.875,0,58.33333333,4.041666667
2024-01-19T00:00:00-05:00 New_York,35.625,70,0,41.79166667,12.70833333
2024-01-20T00:00:00-05:00 New_York,24.79166667,43,0,3.875,12.625
2024-01-21T00:00:00-05:00 New_York,28.95833333,35.91666667,0,6.666666667,5.125
2024-01-22T00:00:00-05:00 New_York,36.04166667,50.41666667,0,15.625,7.041666667
2024-01-23T00:00:00-05:00 New_York,44.75,92.79166667,0,93.83333333,7.833333333
2024-01-24T00:00:00-05:00 New_York,53.20833333,99,0,100,7.166666667
2024-01-25T00:00:00-05:00 New_York,62.33333333,97.79166667,0.004166667,100,6.75
2024-01-26T00:00:00-05:00 New_York,64.25,90.875,0.0125,82.5,4.791666667
2024-01-27T00:00:00-05:00 New_York,59.83333333,95.70833333,0.045833334,97.58333333,7.916666667
2024-01-28T00:00:00-05:00 New_York,43,78,0,100,13
2024-01-29T00:00:00-05:00 New_York,44.25,64.29166667,0,41.79166667,11.5
2024-01-30T00:00:00-05:00 New_York,45.33333333,61.04166667,0,15.66666667,5.583333333
2024-01-31T00:00:00-05:00 New_York,45.75,66.79166667,0,26.5,10.25
2024-02-01T00:00:00-05:00 New_York,46.375,59.125,0,14.20833333,3.5
2024-02-02T00:00:00-05:00 New_York,51.83333333,59.54166667,0,33.625,7
2024-02-03T00:00:00-05:00 New_York,50.16666667,64.54166667,0,14.66666667,7.833333333
2024-02-04T00:00:00-05:00 New_York,43.08333333,68.66666667,0.033333334,65,14.29166667
2024-02-05T00:00:00-05:00 New_York,43.125,70.33333333,0.0125,74.95833333,9.625
2024-02-06T00:00:00-05:00 New_York,47.91666667,56.54166667,0,5.208333333,3.541666667
2024-02-07T00:00:00-05:00 New_York,46.83333333,57.66666667,0,8.25,4.75
2024-02-08T00:00:00-05:00 New_York,47.75,52.875,0,49.25,4.75
2024-02-09T00:00:00-05:00 New_York,54.16666667,71.04166667,0,55.375,4.5
2024-02-10T00:00:00-05:00 New_York,59.41666667,83.5,0,71.45833333,7.583333333
2024-02-11T00:00:00-05:00 New_York,59.54166667,94.75,0.070833335,90.5,6.916666667
2024-02-12T00:00:00-05:00 New_York,61.25,92.58333333,0.045833334,92.95833333,10.41666667
2024-02-13T00:00:00-05:00 New_York,47.04166667,58.79166667,0,47.08333333,13.70833333
2024-02-14T00:00:00-05:00 New_York,49.20833333,49.875,0,0,4.583333333
2024-02-15T00:00:00-05:00 New_York,52.45833333,55.54166667,0,11.70833333,4.833333333
2024-02-16T00:00:00-05:00 New_York,55.33333333,65.70833333,0,35.91666667,5.5
2024-02-17T00:00:00-05:00 New_York,46.54166667,63.20833333,0.004166667,59.5,11.54166667
2024-02-18T00:00:00-05:00 New_York,41.04166667,40.41666667,0,59.25,5.083333333
2024-02-19T00:00:00-05:00 New_York,45.45833333,37.04166667,0,1.833333333,3.833333333
2024-02-20T00:00:00-05:00 New_York,48.875,41.16666667,0,12.66666667,2.708333333
2024-02-21T00:00:00-05:00 New_York,50.33333333,54.79166667,0,21.375,4.916666667
2024-02-22T00:00:00-05:00 New_York,54.70833333,62.16666667,0,41.75,9.125
2024-02-23T00:00:00-05:00 New_York,57.70833333,73.125,0,63.16666667,11.75
2024-02-24T00:00:00-05:00 New_York,51.04166667,53.125,0,8.5,11.625
2024-02-25T00:00:00-05:00 New_York,49.45833333,37.91666667,0,10.95833333,4.666666667
2024-02-26T00:00:00-05:00 New_York,56.83333333,49.91666667,0,13.08333333,7.375
2024-02-27T00:00:00-05:00 New_York,60.20833333,78.33333333,0,82.5,9.916666667
2024-02-28T00:00:00-05:00 New_York,60.08333333,72.08333333,0,80.58333333,14.29166667
2024-02-29T00:00:00-05:00 New_York,46.91666667,35.83333333,0,35.70833333,8.208333333
2024-03-01T00:00:00-05:00 New_York,43.125,86,0.020833334,97.04166667,8.958333333
2024-03-02T00:00:00-05:00 New_York,52.29166667,86.08333333,0,92.04166667,3.375
2024-03-03T00:00:00-05:00 New_York,61.125,82.20833333,0,68.79166667,4.541666667
2024-03-04T00:00:00-05:00 New_York,64.20833333,72.625,0,65.41666667,5.333333333
2024-03-05T00:00:00-05:00 New_York,61.08333333,80.04166667,0.025,71.875,8.5
2024-03-06T00:00:00-05:00 New_York,63.08333333,74.58333333,0.004166667,47.33333333,7.875
2024-03-07T00:00:00-05:00 New_York,61.66666667,64.70833333,0,9.125,3.083333333
2024-03-08T00:00:00-05:00 New_York,61.58333333,72.58333333,0.020833334,69.91666667,9.416666667
2024-03-09T00:00:00-05:00 New_York,60.5,90.95833333,0.070833335,89.125,8.375
2024-03-10T00:00:00-05:00 New_York,49.13043478,48.7826087,0,12.08695652,13.47826087
2024-03-11T00:00:00-04:00 New_York,49.75,37.54166667,0,48.375,6.25
2024-03-12T00:00:00-04:00 New_York,56.04166667,42.70833333,0,27.45833333,4.875
2024-03-13T00:00:00-04:00 New_York,59.91666667,54.66666667,0,19.58333333,4.583333333
2024-03-14T00:00:00-04:00 New_York,63.58333333,55.125,0,16.375,4.958333333
2024-03-15T00:00:00-04:00 New_York,61.79166667,84.66666667,0.041666668,65.625,5.916666667
2024-03-16T00:00:00-04:00 New_York,63.41666667,76.875,0,49.875,6.375
2024-03-17T00:00:00-04:00 New_York,59.875,63.875,0,47.29166667,7.541666667
2024-03-18T00:00:00-04:00 New_York,49.875,41.58333333,0,22.5,11.83333333
2024-03-19T00:00:00-04:00 New_York,45.66666667,35.125,0,0,9
2024-03-20T00:00:00-04:00 New_York,54.45833333,50.625,0,6.208333333,7.958333333
2024-03-21T00:00:00-04:00 New_York,61.33333333,57.91666667,0,18.04166667,3.833333333
2024-03-22T00:00:00-04:00 New_York,55.08333333,84.125,0.008333333,69.54166667,10.33333333
2024-03-23T00:00:00-04:00 New_York,56.83333333,78.5,0,73,9.833333333
2024-03-24T00:00:00-04:00 New_York,53.95833333,51.95833333,0,9.958333333,6.666666667
2024-03-25T00:00:00-04:00 New_York,52.08333333,50.20833333,0,39.66666667,13.08333333
2024-03-26T00:00:00-04:00 New_York,54.54166667,91,0.016666667,96.70833333,10.04166667
2024-03-27T00:00:00-04:00 New_York,62.875,65.83333333,0,40.875,6.125
2024-03-28T00:00:00-04:00 New_York,57.04166667,44.5,0,18.95833333,10.58333333
2024-03-29T00:00:00-04:00 New_York,56.91666667,41.91666667,0,6.75,5.75
2024-03-30T00:00:00-04:00 New_York,61,43.5,0,9.833333333,7.583333333
2024-03-31T00:00:00-04:00 New_York,65.25,62.875,0,27.16666667,7.25
2024-04-01T00:00:00-04:00 New_York,68.875,70.54166667,0,47.83333333,8.041666667
2024-04-02T00:00:00-04:00 New_York,71.375,69.58333333,0,65.29166667,11.125
2024-04-03T00:00:00-04:00 New_York,60.375,61.91666667,0,50.95833333,14.625
2024-04-04T00:00:00-04:00 New_York,50.875,48.375,0,23.70833333,13.29166667
2024-04-05T00:00:00-04:00 New_York,48.375,53.95833333,0,7.625,10.66666667
2024-04-06T00:00:00-04:00 New_York,50.875,46.83333333,0,17.70833333,7.666666667
2024-04-07T00:00:00-04:00 New_York,57.875,49.625,0,2.041666667,5.125
2024-04-08T00:00:00-04:00 New_York,64.75,55.45833333,0,21.25,6.208333333
2024-04-09T00:00:00-04:00 New_York,64.54166667,71.54166667,0,58.08333333,5.25
2024-04-10T00:00:00-04:00 New_York,66.66666667,70.125,0.004166667,74.875,9.666666667
2024-04-11T00:00:00-04:00 New_York,64,77.75,0.033333334,78.91666667,15.125
2024-04-12T00:00:00-04:00 New_York,57.29166667,57.33333333,0,11.83333333,13
2024-04-13T00:00:00-04:00 New_York,61.16666667,52.95833333,0,4.833333333,8.916666667
2024-04-14T00:00:00-04:00 New_York,67.04166667,56.5,0,11.54166667,6.708333333
2024-04-15T00:00:00-04:00 New_York,69.875,54.29166667,0,18.04166667,6.708333333
2024-04-16T00:00:00-04:00 New_York,70.20833333,53.54166667,0,36.16666667,6.75
2024-04-17T00:00:00-04:00 New_York,67.875,62.41666667,0,55.04166667,6.25
2024-04-18T00:00:00-04:00 New_York,73.20833333,64,0,14.58333333,5.708333333
2024-04-19T00:00:00-04:00 New_York,73.25,69.41666667,0,41.29166667,7.041666667
2024-04-20T00:00:00-04:00 New_York,68.33333333,60.375,0,29,8.375
2024-04-21T00:00:00-04:00 New_York,53.83333333,79.125,0.020833334,92.58333333,6.25
2024-04-22T00:00:00-04:00 New_York,54.33333333,59.33333333,0,33.08333333,3.916666667
2024-04-23T00:00:00-04:00 New_York,59.58333333,45.08333333,0,1.208333333,5.083333333
2024-04-24T00:00:00-04:00 New_York,64,60.54166667,0,40.91666667,7.166666667
2024-04-25T00:00:00-04:00 New_York,67.04166667,60.70833333,0,16.625,3.541666667
2024-04-26T00:00:00-04:00 New_York,64.04166667,65.75,0,64.95833333,7.833333333
2024-04-27T00:00:00-04:00 New_York,65.41666667,77.125,0,75.75,8.833333333
2024-04-28T00:00:00-04:00 New_York,68.54166667,64.375,0,34.41666667,8.291666667
2024-04-29T00:00:00-04:00 New_York,69.29166667,60.29166667,0,21.75,7.916666667
2024-04-30T00:00:00-04:00 New_York,71.33333333,60.16666667,0,44.70833333,7
2024-05-01T00:00:00-04:00 New_York,69.75,62.58333333,0,2.958333333,6.125
2024-05-02T00:00:00-04:00 New_York,74.875,50.125,0,15.20833333,5.75
2024-05-03T00:00:00-04:00 New_York,72.29166667,65.54166667,0,52.79166667,4.083333333
2024-05-04T00:00:00-04:00 New_York,69.16666667,85.04166667,0.004166667,71,4.625
2024-05-05T00:00:00-04:00 New_York,72.29166667,75.875,0,63.83333333,5.208333333
2024-05-06T00:00:00-04:00 New_York,73.125,72.08333333,0,60.75,4.333333333
2024-05-07T00:00:00-04:00 New_York,74.375,72.375,0,44.125,6.791666667
2024-05-08T00:00:00-04:00 New_York,79.66666667,61.875,0,36.41666667,8.75
2024-05-09T00:00:00-04:00 New_York,75.25,79.16666667,0.004166667,67.20833333,9.291666667
2024-05-10T00:00:00-04:00 New_York,70.95833333,68.41666667,0.004166667,34.45833333,10.58333333
2024-05-11T00:00:00-04:00 New_York,65.29166667,53.95833333,0,9.5,8.416666667
2024-05-12T00:00:00-04:00 New_York,68.20833333,51,0,6.583333333,6.125
2024-05-13T00:00:00-04:00 New_York,61.54166667,77.20833333,0.008333333,62.25,5.208333333
2024-05-14T00:00:00-04:00 New_York,69.16666667,79.83333333,0,79.83333333,8.5
2024-05-15T00:00:00-04:00 New_York,69.54166667,73.375,0,57.29166667,8.125
2024-05-16T00:00:00-04:00 New_York,73.08333333,62.04166667,0,11.95833333,7.208333333
2024-05-17T00:00:00-04:00 New_York,68.95833333,73.375,0,54.29166667,4.125
2024-05-18T00:00:00-04:00 New_York,69.625,86.45833333,0.008333333,77.45833333,5.875
2024-05-19T00:00:00-04:00 New_York,68.91666667,82.33333333,0,65.625,5.708333333
2024-05-20T00:00:00-04:00 New_York,71.04166667,67.04166667,0,23.16666667,5.5
2024-05-21T00:00:00-04:00 New_York,75.79166667,53.33333333,0,13.54166667,4.875
2024-05-22T00:00:00-04:00 New_York,77,53.91666667,0,9.916666667,5.041666667
2024-05-23T00:00:00-04:00 New_York,78.58333333,59.95833333,0,38.875,6.166666667
2024-05-24T00:00:00-04:00 New_York,73.08333333,69.33333333,0.004166667,36.75,3.541666667
2024-05-25T00:00:00-04:00 New_York,77.33333333,62.83333333,0,23.20833333,4.625
2024-05-26T00:00:00-04:00 New_York,79.66666667,64.70833333,0,28.45833333,6.458333333
2024-05-27T00:00:00-04:00 New_York,76.45833333,72.125,0.008333333,51.58333333,8.5
2024-05-28T00:00:00-04:00 New_York,76.79166667,51.375,0,3.958333333,8.291666667
2024-05-29T00:00:00-04:00 New_York,72.91666667,52.08333333,0,7.833333333,8.083333333
2024-05-30T00:00:00-04:00 New_York,69.5,48.25,0,18.58333333,6.458333333
2024-05-31T00:00:00-04:00 New_York,72.33333333,44.33333333,0,1.875,6.416666667
2024-06-01T00:00:00-04:00 New_York,70.95833333,59.95833333,0,49.25,7.666666667
2024-06-02T00:00:00-04:00 New_York,69.91666667,73.625,0.004166667,68.66666667,5.75
2024-06-03T00:00:00-04:00 New_York,76.125,69.33333333,0,56.45833333,3.375
2024-06-04T00:00:00-04:00 New_York,73.5,79.95833333,0.004166667,65.33333333,3.291666667
2024-06-05T00:00:00-04:00 New_York,74.875,78.33333333,0.016666667,75.5,5.458333333
2024-06-06T00:00:00-04:00 New_York,77.29166667,68.83333333,0.004166667,47.54166667,8.5
2024-06-07T00:00:00-04:00 New_York,76,52.91666667,0,3.041666667,8.541666667
2024-06-08T00:00:00-04:00 New_York,75.625,46.25,0,8.583333333,4.416666667
2024-06-09T00:00:00-04:00 New_York,79.5,50.75,0,22,7.208333333
2024-06-10T00:00:00-04:00 New_York,75,56.29166667,0,38.5,7.916666667
2024-06-11T00:00:00-04:00 New_York,74.08333333,49.45833333,0,2.625,5.791666667
2024-06-12T00:00:00-04:00 New_York,78.16666667,43,0,7.416666667,4.875
2024-06-13T00:00:00-04:00 New_York,82.125,48.45833333,0,27.66666667,4.833333333
2024-06-14T00:00:00-04:00 New_York,84.70833333,45.33333333,0,36.75,2.041666667
2024-06-15T00:00:00-04:00 New_York,87.41666667,42.625,0,19.04166667,4.166666667
2024-06-16T00:00:00-04:00 New_York,82.875,58.08333333,0,40.54166667,5.958333333
2024-06-17T00:00:00-04:00 New_York,82.5,53.41666667,0,18.54166667,8.083333333
2024-06-18T00:00:00-04:00 New_York,79.58333333,50.5,0,17.33333333,9
2024-06-19T00:00:00-04:00 New_York,77.79166667,53.08333333,0,14.83333333,9.75
2024-06-20T00:00:00-04:00 New_York,80.45833333,51.25,0,14.58333333,8.333333333
2024-06-21T00:00:00-04:00 New_York,82.33333333,42,0,7.083333333,6.458333333
2024-06-22T00:00:00-04:00 New_York,83.29166667,55.45833333,0,23.91666667,5.083333333
2024-06-23T00:00:00-04:00 New_York,86.33333333,47.125,0,37,5.5
2024-06-24T00:00:00-04:00 New_York,87.70833333,44.70833333,0,15.83333333,7
2024-06-25T00:00:00-04:00 New_York,87.08333333,31.79166667,0,3.583333333,3
2024-06-26T00:00:00-04:00 New_York,87.625,38.25,0,9.25,5.458333333
2024-06-27T00:00:00-04:00 New_York,82.95833333,57.45833333,0,43.875,5.5
2024-06-28T00:00:00-04:00 New_York,80.95833333,68.25,0,55.125,5.791666667
2024-06-29T00:00:00-04:00 New_York,82.70833333,67.20833333,0,58.25,5.791666667
2024-06-30T00:00:00-04:00 New_York,85.91666667,60.20833333,0,39.54166667,5.916666667
2024-07-01T00:00:00-04:00 New_York,86.45833333,55,0,18.75,5.333333333
2024-07-02T00:00:00-04:00 New_York,82.5,58.375,0,51.875,9.5
2024-07-03T00:00:00-04:00 New_York,83.08333333,60.66666667,0,48.875,6.416666667
2024-07-04T00:00:00-04:00 New_York,83.75,64.58333333,0,44.875,4.166666667
2024-07-05T00:00:00-04:00 New_York,83.08333333,68.79166667,0.033333334,57.25,5.5
2024-07-06T00:00:00-04:00 New_York,84.25,56.33333333,0,24.625,7.166666667
2024-07-07T00:00:00-04:00 New_York,82.58333333,65.54166667,0.016666667,40.79166667,3.958333333
2024-07-08T00:00:00-04:00 New_York,81.375,74.375,0.004166667,71.54166667,3.166666667
2024-07-09T00:00:00-04:00 New_York,83.54166667,68.08333333,0,53.83333333,5
2024-07-10T00:00:00-04:00 New_York,81.375,65.5,0,41.875,8.791666667
2024-07-11T00:00:00-04:00 New_York,83.08333333,42.20833333,0,20.29166667,5.916666667
2024-07-12T00:00:00-04:00 New_York,85.375,40.79166667,0,23.04166667,3.541666667
2024-07-13T00:00:00-04:00 New_York,87.125,45.5,0,28.41666667,4.458333333
2024-07-14T00:00:00-04:00 New_York,89.625,36.33333333,0,18.54166667,4.125
2024-07-15T00:00:00-04:00 New_York,85.75,50,0,36.16666667,5.708333333
2024-07-16T00:00:00-04:00 New_York,83.625,61.875,0,41.83333333,5.333333333
2024-07-17T00:00:00-04:00 New_York,82.25,66.375,0,48.91666667,7.083333333
2024-07-18T00:00:00-04:00 New_York,77,75.91666667,0.045833333,57.33333333,5.416666667
2024-07-19T00:00:00-04:00 New_York,73.875,86.5,0.0125,65.79166667,4.041666667
2024-07-20T00:00:00-04:00 New_York,78.70833333,67.58333333,0,59.16666667,5.208333333
2024-07-21T00:00:00-04:00 New_York,78.375,78.45833333,0.016666667,73.70833333,3.541666667
2024-07-22T00:00:00-04:00 New_York,76,81,0,68.33333333,4.291666667
2024-07-23T00:00:00-04:00 New_York,78.54166667,76.41666667,0,60.375,4.625
2024-07-24T00:00:00-04:00 New_York,77.16666667,81.04166667,0.033333334,59.41666667,2.541666667
2024-07-25T00:00:00-04:00 New_York,76.83333333,79.79166667,0.008333333,74.20833333,3.375
2024-07-26T00:00:00-04:00 New_York,77,70.70833333,0,32.20833333,3.833333333
2024-07-27T00:00:00-04:00 New_York,77.58333333,70.16666667,0,43.91666667,5.041666667
2024-07-28T00:00:00-04:00 New_York,79.79166667,67.20833333,0,59.20833333,5.5
2024-07-29T00:00:00-04:00 New_York,78.08333333,79.125,0.004166667,64.16666667,4.375
2024-07-30T00:00:00-04:00 New_York,83.875,64.79166667,0,24.375,5.5
2024-07-31T00:00:00-04:00 New_York,86,59.83333333,0,22.25,4.916666667
2024-08-01T00:00:00-04:00 New_York,87.16666667,56.91666667,0,35.33333333,5.166666667
2024-08-02T00:00:00-04:00 New_York,87.625,53.54166667,0,15.33333333,6.083333333
2024-08-03T00:00:00-04:00 New_York,85.625,50.58333333,0,16.29166667,5.958333333
2024-08-04T00:00:00-04:00 New_York,83.29166667,55.75,0,31.41666667,2.666666667
2024-08-05T00:00:00-04:00 New_York,79.25,71,0,56.16666667,9.75
2024-08-06T00:00:00-04:00 New_York,81,64.5,0,31.16666667,9.666666667
2024-08-07T00:00:00-04:00 New_York,85.875,54.70833333,0,18,4.958333333
2024-08-08T00:00:00-04:00 New_York,80,71.45833333,0,48.41666667,8.041666667
2024-08-09T00:00:00-04:00 New_York,85.66666667,54,0,18.95833333,7.791666667
2024-08-10T00:00:00-04:00 New_York,85.58333333,47.45833333,0,8.791666667,7.083333333
2024-08-11T00:00:00-04:00 New_York,84.83333333,38.04166667,0,7.166666667,5.958333333
2024-08-12T00:00:00-04:00 New_York,85.875,40.5,0,7.291666667,4.791666667
2024-08-13T00:00:00-04:00 New_York,85.04166667,41.5,0,15.20833333,7.208333333
2024-08-14T00:00:00-04:00 New_York,82.875,50.25,0,27.54166667,4.666666667
2024-08-15T00:00:00-04:00 New_York,82.08333333,56.04166667,0,29.16666667,6.625
2024-08-16T00:00:00-04:00 New_York,82.04166667,54.54166667,0,32.70833333,5.458333333
2024-08-17T00:00:00-04:00 New_York,85.58333333,51.83333333,0,34.04166667,5.291666667
2024-08-18T00:00:00-04:00 New_York,83.16666667,54.875,0,16.45833333,9.125
2024-08-19T00:00:00-04:00 New_York,80.125,51.70833333,0,7.958333333,9.5
2024-08-20T00:00:00-04:00 New_York,78.91666667,46.625,0,16,6.625
2024-08-21T00:00:00-04:00 New_York,76.16666667,57.41666667,0.008333333,51.33333333,6.208333333
2024-08-22T00:00:00-04:00 New_York,75.29166667,69.33333333,0,60.125,7.916666667
2024-08-23T00:00:00-04:00 New_York,76.5,43.375,0,4.833333333,8.625
2024-08-24T00:00:00-04:00 New_York,76,40.45833333,0,0.708333333,6.291666667
2024-08-25T00:00:00-04:00 New_York,79.54166667,41.33333333,0,6.291666667,5.375
2024-08-26T00:00:00-04:00 New_York,81.29166667,42.58333333,0,2.25,4.708333333
2024-08-27T00:00:00-04:00 New_York,85.25,49.83333333,0,6.333333333,2.375
2024-08-28T00:00:00-04:00 New_York,87.45833333,46.54166667,0,27.20833333,3.708333333
2024-08-29T00:00:00-04:00 New_York,86.04166667,50.125,0,43.625,4.458333333
2024-08-30T00:00:00-04:00 New_York,83.125,57.66666667,0,48.45833333,3.666666667
2024-08-31T00:00:00-04:00 New_York,81.29166667,63.625,0,40.41666667,3.666666667
2024-09-01T00:00:00-04:00 New_York,80.70833333,64.375,0.016666667,39.54166667,4.291666667
2024-09-02T00:00:00-04:00 New_York,78.79166667,70,0,42.91666667,5.291666667
2024-09-03T00:00:00-04:00 New_York,78.54166667,59.04166667,0,25.41666667,10.33333333
2024-09-04T00:00:00-04:00 New_York,75.16666667,49.66666667,0,18.125,10.875
2024-09-05T00:00:00-04:00 New_York,71.33333333,69.70833333,0,60.625,9.041666667
2024-09-06T00:00:00-04:00 New_York,65.875,88.45833333,0.025,91.70833333,8.375
2024-09-07T00:00:00-04:00 New_York,70.70833333,71.66666667,0.0125,50.33333333,4.291666667
2024-09-08T00:00:00-04:00 New_York,74.08333333,52.375,0,24.70833333,6.958333333
2024-09-09T00:00:00-04:00 New_York,75.83333333,58.58333333,0,30.91666667,6.666666667
2024-09-10T00:00:00-04:00 New_York,76.95833333,52.75,0,6.625,6.083333333
2024-09-11T00:00:00-04:00 New_York,72.95833333,49.625,0,51.66666667,8.958333333
2024-09-12T00:00:00-04:00 New_York,66.66666667,85.33333333,0.025,85.375,13.91666667
2024-09-13T00:00:00-04:00 New_York,68.625,90.29166667,0,99.91666667,10.58333333
2024-09-14T00:00:00-04:00 New_York,69.20833333,94.20833333,0.033333334,95.66666667,11.04166667
2024-09-15T00:00:00-04:00 New_York,71.66666667,71.58333333,0,75.08333333,11.33333333
2024-09-16T00:00:00-04:00 New_York,75.08333333,56.54166667,0,19,7.958333333
2024-09-17T00:00:00-04:00 New_York,75.45833333,59.41666667,0,2,5.625
2024-09-18T00:00:00-04:00 New_York,73.33333333,74.04166667,0,55.91666667,3.291666667
2024-09-19T00:00:00-04:00 New_York,79.45833333,62.54166667,0,18.45833333,2.5
2024-09-20T00:00:00-04:00 New_York,80.20833333,65.58333333,0,21.08333333,3.083333333
2024-09-21T00:00:00-04:00 New_York,83,57.20833333,0,25.125,4.208333333
2024-09-22T00:00:00-04:00 New_York,84.45833333,60.79166667,0,23.5,5.125
2024-09-23T00:00:00-04:00 New_York,86.41666667,49.95833333,0,31.625,4.666666667
2024-09-24T00:00:00-04:00 New_York,84.04166667,58.83333333,0,41.91666667,3.291666667
2024-09-25T00:00:00-04:00 New_York,78.04166667,76.20833333,0.016666667,67.04166667,8
2024-09-26T00:00:00-04:00 New_York,71,98.20833333,0.533333338,100,10.04166667
2024-09-27T00:00:00-04:00 New_York,70.375,90.33333333,0.29166667,80.125,13.66666667
2024-09-28T00:00:00-04:00 New_York,71.25,74.75,0,69.79166667,9.041666667
2024-09-29T00:00:00-04:00 New_York,72.25,83.25,0,56.04166667,5.375
2024-09-30T00:00:00-04:00 New_York,72.29166667,84.625,0,75.70833333,5.583333333
2024-10-01T00:00:00-04:00 New_York,75.45833333,79.5,0,29.20833333,6.208333333
2024-10-02T00:00:00-04:00 New_York,76,76.125,0,43.5,4.75
2024-10-03T00:00:00-04:00 New_York,75.58333333,76.125,0,47.79166667,4.833333333
2024-10-04T00:00:00-04:00 New_York,74.16666667,81.04166667,0,79.91666667,4.208333333
2024-10-05T00:00:00-04:00 New_York,77.20833333,72.25,0,17,5.125
2024-10-06T00:00:00-04:00 New_York,76.5,69.125,0,3.5,5.083333333
2024-10-07T00:00:00-04:00 New_York,74.16666667,75.20833333,0,26.58333333,5.041666667
2024-10-08T00:00:00-04:00 New_York,69.08333333,66.54166667,0,28.08333333,5.958333333
2024-10-09T00:00:00-04:00 New_York,68.41666667,66.08333333,0,38.16666667,6.791666667
2024-10-10T00:00:00-04:00 New_York,68.54166667,50.375,0,0,8.458333333
2024-10-11T00:00:00-04:00 New_York,66.29166667,52.54166667,0,0,3.875
2024-10-12T00:00:00-04:00 New_York,67.29166667,58.04166667,0,0,4.208333333
2024-10-13T00:00:00-04:00 New_York,71.45833333,56.125,0,0.041666667,6.041666667
2024-10-14T00:00:00-04:00 New_York,70.45833333,51,0,0.125,8.791666667
2024-10-15T00:00:00-04:00 New_York,55.91666667,53.5,0,22.125,7.166666667
2024-10-16T00:00:00-04:00 New_York,51.375,55.83333333,0,5.291666667,9.75
2024-10-17T00:00:00-04:00 New_York,55.20833333,51.45833333,0,0,2.166666667
2024-10-18T00:00:00-04:00 New_York,59.375,52.5,0,0,4.583333333
2024-10-19T00:00:00-04:00 New_York,60.375,51.04166667,0,0.416666667,6.208333333
2024-10-20T00:00:00-04:00 New_York,65.41666667,44.33333333,0,0,3.875
2024-10-21T00:00:00-04:00 New_York,67.66666667,52.95833333,0,0,4.583333333
2024-10-22T00:00:00-04:00 New_York,68,51.83333333,0,0.5,4.625
2024-10-23T00:00:00-04:00 New_York,69.08333333,69.33333333,0,4.791666667,3.833333333
2024-10-24T00:00:00-04:00 New_York,70.91666667,51.66666667,0,0,3.666666667
2024-10-25T00:00:00-04:00 New_York,69.41666667,46.70833333,0,5.916666667,4.041666667
2024-10-26T00:00:00-04:00 New_York,72.66666667,52.66666667,0,17.45833333,4.583333333
2024-10-27T00:00:00-04:00 New_York,64.20833333,71.125,0,69.66666667,7.25
2024-10-28T00:00:00-04:00 New_York,56.20833333,82.41666667,0,98.33333333,7.208333333
2024-10-29T00:00:00-04:00 New_York,63.45833333,74.125,0,55.29166667,7.166666667
2024-10-30T00:00:00-04:00 New_York,66.25,78.41666667,0,72.70833333,8.166666667
2024-10-31T00:00:00-04:00 New_York,69.20833333,69.25,0,67.58333333,7.125
2024-11-01T00:00:00-04:00 New_York,68.83333333,67.33333333,0,48.83333333,5.291666667
2024-11-02T00:00:00-04:00 New_York,64.29166667,65.83333333,0,41.08333333,6.666666667
2024-11-03T00:00:00-04:00 New_York,61.29166667,70.04166667,0,89,9.583333333
2024-11-04T00:00:00-05:00 New_York,58.5,70.875,0,87.95833333,10.83333333
2024-11-05T00:00:00-05:00 New_York,62.45833333,86.25,0,83.95833333,8
2024-11-06T00:00:00-05:00 New_York,66.58333333,94.66666667,0.599999996,89.75,7.125
2024-11-07T00:00:00-05:00 New_York,64.16666667,97,0.050000001,100,12.70833333
2024-11-08T00:00:00-05:00 New_York,65.04166667,96.5,0.016666667,100,9.125
2024-11-09T00:00:00-05:00 New_York,65.45833333,61.25,0,73,7.666666667
2024-11-10T00:00:00-05:00 New_York,58.08333333,73.79166667,0,100,8.166666667
2024-11-11T00:00:00-05:00 New_York,65.16666667,84.875,0,70.70833333,4.125
2024-11-12T00:00:00-05:00 New_York,60.625,83.45833333,0,42.95833333,5.333333333
2024-11-13T00:00:00-05:00 New_York,57.83333333,61.54166667,0,30.625,11.70833333
2024-11-14T00:00:00-05:00 New_York,51.33333333,84.33333333,0.033333334,99.20833333,7.083333333
2024-11-15T00:00:00-05:00 New_York,53.875,78.16666667,0,90,8.916666667
2024-11-16T00:00:00-05:00 New_York,53.95833333,81.08333333,0,17.45833333,2.541666667
2024-11-17T00:00:00-05:00 New_York,54.70833333,85.95833333,0,52.83333333,2.833333333
2024-11-18T00:00:00-05:00 New_York,58.08333333,74.54166667,0,44.70833333,4.083333333
2024-11-19T00:00:00-05:00 New_York,64.58333333,67.04166667,0,36.20833333,5.625
2024-11-20T00:00:00-05:00 New_York,63.25,76.95833333,0,57.29166667,9.041666667
2024-11-21T00:00:00-05:00 New_York,49.41666667,44.125,0,0,13.08333333
2024-11-22T00:00:00-05:00 New_York,43.45833333,65.04166667,0,0.291666667,13.08333333
2024-11-23T00:00:00-05:00 New_York,43.83333333,75.45833333,0,37.41666667,9.416666667
2024-11-24T00:00:00-05:00 New_York,50.58333333,74.29166667,0,6.791666667,4.916666667
2024-11-25T00:00:00-05:00 New_York,55.33333333,83.20833333,0,57.83333333,5.833333333
2024-11-26T00:00:00-05:00 New_York,57.41666667,86.25,0.020833334,57.83333333,7.333333333
2024-11-27T00:00:00-05:00 New_York,50.66666667,86.375,0,72.08333333,3.75
2024-11-28T00:00:00-05:00 New_York,59.375,93.375,0.016666667,97,9.541666667
2024-11-29T00:00:00-05:00 New_York,40.875,74.45833333,0,29.45833333,10
2024-11-30T00:00:00-05:00 New_York,41.20833333,56.375,0,0.166666667,5.625
2024-12-01T00:00:00-05:00 New_York,43.125,49.45833333,0,21.83333333,6.291666667
2024-12-02T00:00:00-05:00 New_York,40.125,56.375,0,1.583333333,7.458333333
2024-12-03T00:00:00-05:00 New_York,34.33333333,59.375,0,14.70833333,6.791666667
2024-12-04T00:00:00-05:00 New_York,38.75,50.04166667,0,15.29166667,5.208333333
2024-12-05T00:00:00-05:00 New_York,43.54166667,65.79166667,0.008333333,56.75,10.75
2024-12-06T00:00:00-05:00 New_York,33.75,47.08333333,0,0,7.083333333
2024-12-07T00:00:00-05:00 New_York,37.54166667,41.33333333,0,4.583333333,4.125
2024-12-08T00:00:00-05:00 New_York,44.91666667,40.5,0,78.04166667,5.458333333
2024-12-09T00:00:00-05:00 New_York,54.54166667,88.29166667,0.004166667,94.58333333,6
2024-12-10T00:00:00-05:00 New_York,62,93.16666667,0.029166667,92.79166667,7.833333333
2024-12-11T00:00:00-05:00 New_York,43.83333333,64.45833333,0,38.58333333,11.29166667
2024-12-12T00:00:00-05:00 New_York,40.16666667,64.83333333,0,12.04166667,6.166666667
2024-12-13T00:00:00-05:00 New_York,43.5,76.375,0,53.54166667,6.166666667
2024-12-14T00:00:00-05:00 New_York,46.5,65.58333333,0,80.58333333,9.958333333
2024-12-15T00:00:00-05:00 New_York,41.875,93.16666667,0,100,9.458333333
2024-12-16T00:00:00-05:00 New_York,47.5,90.45833333,0,66.41666667,5.166666667
2024-12-17T00:00:00-05:00 New_York,54.58333333,93.25,0,98.16666667,3.375
2024-12-18T00:00:00-05:00 New_York,57.66666667,95.5,0,97.45833333,5.916666667
2024-12-19T00:00:00-05:00 New_York,47.5,84.16666667,0,72.25,4.916666667
2024-12-20T00:00:00-05:00 New_York,40.875,82.91666667,0,75.125,10
2024-12-21T00:00:00-05:00 New_York,35.75,72.66666667,0,20.875,8.75
2024-12-22T00:00:00-05:00 New_York,37.79166667,74.29166667,0,14.04166667,5.166666667
2024-12-23T00:00:00-05:00 New_York,38.95833333,54.58333333,0,0,5.875
2024-12-24T00:00:00-05:00 New_York,40.875,86.5,0.004166667,99.16666667,2.708333333
2024-12-25T00:00:00-05:00 New_York,46.33333333,59.08333333,0,6.375,6.333333333
2024-12-26T00:00:00-05:00 New_York,46.375,74.16666667,0,27.58333333,8.25
2024-12-27T00:00:00-05:00 New_York,42.08333333,88.33333333,0,100,10.91666667
2024-12-28T00:00:00-05:00 New_York,47.625,96.08333333,0,100,6.041666667
2024-12-29T00:00:00-05:00 New_York,58.875,93.625,0.087500002,87.33333333,11.5
2024-12-30T00:00:00-05:00 New_York,52.70833333,90.20833333,0,95.91666667,4.833333333
2024-12-31T00:00:00-05:00 New_York,52.375,87.04166667,0,72.83333333,12.20833333
2025-01-01T00:00:00-05:00 New_York,42.66666667,75.20833333,0,52.16666667,11.04166667
2025-01-02T00:00:00-05:00 New_York,40.5,73.08333333,0,4.041666667,6.125
2025-01-03T00:00:00-05:00 New_York,42.375,65.875,0,22.20833333,9.583333333
2025-01-04T00:00:00-05:00 New_York,36.66666667,59.29166667,0,0,8.375
2025-01-05T00:00:00-05:00 New_York,41.04166667,68.08333333,0,99.20833333,5.625
2025-01-06T00:00:00-05:00 New_York,43.08333333,76.33333333,0.045833334,84.125,14.625
2025-01-07T00:00:00-05:00 New_York,33.58333333,52.58333333,0,19.125,12.75
2025-01-08T00:00:00-05:00 New_York,32.58333333,45.41666667,0,9.541666667,11.83333333
2025-01-09T00:00:00-05:00 New_York,31,56.45833333,0,3.958333333,7.208333333
2025-01-10T00:00:00-05:00 New_York,31.41666667,78.33333333,0.125000003,80.20833333,6.083333333
2025-01-11T00:00:00-05:00 New_York,32.625,84.45833333,0.016666667,84.20833333,8.375
2025-01-12T00:00:00-05:00 New_York,33.41666667,80.54166667,0,5.875,2.25
2025-01-13T00:00:00-05:00 New_York,39.79166667,86.83333333,0,84.66666667,4.291666667
2025-01-14T00:00:00-05:00 New_York,33.29166667,71.5,0,33.25,8
2025-01-15T00:00:00-05:00 New_York,37.70833333,65.75,0,10.16666667,7.083333333
2025-01-16T00:00:00-05:00 New_York,43.91666667,59.83333333,0,10.625,8.166666667
2025-01-17T00:00:00-05:00 New_York,44.54166667,65.29166667,0,5.916666667,4.833333333
2025-01-18T00:00:00-05:00 New_York,45.08333333,84,0.079166668,98.66666667,5.083333333
2025-01-19T00:00:00-05:00 New_York,38.25,85.5,0,88.04166667,11.95833333
2025-01-20T00:00:00-05:00 New_York,23.58333333,60.125,0,14.08333333,11.29166667
2025-01-21T00:00:00-05:00 New_York,24,59,0,72.33333333,6.875
2025-01-22T00:00:00-05:00 New_York,25.75,46.16666667,0,8.416666667,6.75
2025-01-23T00:00:00-05:00 New_York,30.375,44.75,0,35.16666667,4.25
2025-01-24T00:00:00-05:00 New_York,29.83333333,60.33333333,0,11.91666667,6.958333333
2025-01-25T00:00:00-05:00 New_York,37.45833333,60.16666667,0,7.5,3.625
2025-01-26T00:00:00-05:00 New_York,40.33333333,62.95833333,0,48.625,4.208333333
2025-01-27T00:00:00-05:00 New_York,44.20833333,90.16666667,0.050000001,72.95833333,4
2025-01-28T00:00:00-05:00 New_York,42.04166667,72,0,24.875,8.125
2025-01-29T00:00:00-05:00 New_York,50.45833333,59.5,0,10,8.416666667
2025-01-30T00:00:00-05:00 New_York,54.41666667,56.875,0,51.95833333,5.375
2025-01-31T00:00:00-05:00 New_York,55.75,85.41666667,0.004166667,84.375,9
2025-02-01T00:00:00-05:00 New_York,47.20833333,95.79166667,0,95.83333333,4.708333333
2025-02-02T00:00:00-05:00 New_York,48.75,86.58333333,0,85.79166667,5
2025-02-03T00:00:00-05:00 New_York,49.5,95.70833333,0,80.45833333,3.833333333
2025-02-04T00:00:00-05:00 New_York,53.33333333,90.16666667,0,77.83333333,5.541666667
2025-02-05T00:00:00-05:00 New_York,58.83333333,95.75,0.008333333,93.83333333,3.875
2025-02-06T00:00:00-05:00 New_York,61.04166667,92.875,0,96.29166667,6.833333333
2025-02-07T00:00:00-05:00 New_York,62.91666667,91.08333333,0,79.20833333,6.125
2025-02-08T00:00:00-05:00 New_York,62.70833333,89.25,0,85.20833333,6.75
2025-02-09T00:00:00-05:00 New_York,60.20833333,90.75,0,98.70833333,8.041666667
2025-02-10T00:00:00-05:00 New_York,50.08333333,80.95833333,0,96.625,6.5
2025-02-11T00:00:00-05:00 New_York,45.16666667,94.70833333,0,100,8.666666667
2025-02-12T00:00:00-05:00 New_York,43.16666667,95.58333333,0.033333334,100,7.875
2025-02-13T00:00:00-05:00 New_York,53,84.875,0.050000001,77.33333333,11.20833333
2025-02-14T00:00:00-05:00 New_York,40.70833333,71.625,0,18.29166667,8.666666667
2025-02-15T00:00:00-05:00 New_York,43.625,88,0,97.29166667,7.833333333
2025-02-16T00:00:00-05:00 New_York,51.58333333,85.58333333,0.070833335,80.29166667,14.375
2025-02-17T00:00:00-05:00 New_York,36.45833333,69.45833333,0,15.29166667,8.5
2025-02-18T00:00:00-05:00 New_York,41.66666667,65.79166667,0,54.375,3.166666667
2025-02-19T00:00:00-05:00 New_York,42.29166667,87.79166667,0.070833335,86.375,5.958333333
2025-02-20T00:00:00-05:00 New_York,30.29166667,73.5,0,57.16666667,13.25
2025-02-21T00:00:00-05:00 New_York,30.91666667,59.08333333,0,6.541666667,3.541666667
2025-02-22T00:00:00-05:00 New_York,40.66666667,58.58333333,0,9.666666667,4.125
2025-02-23T00:00:00-05:00 New_York,44.04166667,52.75,0,21.08333333,5.208333333
2025-02-24T00:00:00-05:00 New_York,47.58333333,79.54166667,0.016666667,62.79166667,2.541666667
2025-02-25T00:00:00-05:00 New_York,56.25,65.29166667,0,23.20833333,6.583333333
2025-02-26T00:00:00-05:00 New_York,49.875,85.66666667,0,48.79166667,5.25
2025-02-27T00:00:00-05:00 New_York,60,64.04166667,0,21.95833333,9.416666667
2025-02-28T00:00:00-05:00 New_York,53.29166667,49.91666667,0,0,7.208333333
2025-03-01T00:00:00-05:00 New_York,56.79166667,48.95833333,0,0,10.79166667
2025-03-02T00:00:00-05:00 New_York,42.79166667,45.83333333,0,52.08333333,6.625
2025-03-03T00:00:00-05:00 New_York,46.25,38.66666667,0,30.16666667,3.666666667
2025-03-04T00:00:00-05:00 New_York,50.625,71.08333333,0,60.83333333,10.70833333
2025-03-05T00:00:00-05:00 New_York,58.29166667,74.75,0.104166668,73.375,17.375
2025-03-06T00:00:00-05:00 New_York,42.29166667,64.54166667,0,44,14.91666667
2025-03-07T00:00:00-05:00 New_York,50.29166667,51.5,0,18.375,7.166666667
2025-03-08T00:00:00-05:00 New_York,61.04166667,71.70833333,0,63.66666667,8.333333333
2025-03-09T00:00:00-05:00 New_York,48.13043478,70.86956522,0.004347826,75.95652174,8.347826087
2025-03-10T00:00:00-04:00 New_York,47.79166667,84.625,0.133333335,70.79166667,7.75
2025-03-11T00:00:00-04:00 New_York,52.16666667,80.70833333,0,51.16666667,6.625
2025-03-12T00:00:00-04:00 New_York,61.58333333,59.16666667,0,0,5.916666667
2025-03-13T00:00:00-04:00 New_York,55.5,82.25,0.016666667,66.29166667,6.375
2025-03-14T00:00:00-04:00 New_York,61.29166667,86.58333333,0,80.70833333,7.416666667
2025-03-15T00:00:00-04:00 New_York,66.04166667,77.29166667,0,85.04166667,12.83333333
2025-03-16T00:00:00-04:00 New_York,66.41666667,74.45833333,0.079166668,66,14.5
2025-03-17T00:00:00-04:00 New_York,49.5,65,0,8.666666667,14.16666667
2025-03-18T00:00:00-04:00 New_York,55.375,54.25,0,3.916666667,5.958333333
2025-03-19T00:00:00-04:00 New_York,63.66666667,39.625,0,23,8.125
2025-03-20T00:00:00-04:00 New_York,49.54166667,67.70833333,0.016666667,56.20833333,14.125
2025-03-21T00:00:00-04:00 New_York,45.75,57.08333333,0,4.083333333,8.625
2025-03-22T00:00:00-04:00 New_York,57.25,50.79166667,0,0,8.041666667
2025-03-23T00:00:00-04:00 New_York,62,51.70833333,0,5,7.5
2025-03-24T00:00:00-04:00 New_York,61.16666667,61.41666667,0,64.875,8.291666667
2025-03-25T00:00:00-04:00 New_York,62.20833333,48.20833333,0,1.833333333,6.541666667
2025-03-26T00:00:00-04:00 New_York,62.25,55.45833333,0,0,9
2025-03-27T00:00:00-04:00 New_York,62.83333333,49.54166667,0,7.041666667,3.333333333
2025-03-28T00:00:00-04:00 New_York,66,57.04166667,0,39.125,6.5
2025-03-29T00:00:00-04:00 New_York,66.95833333,61,0,56.45833333,8.541666667
2025-03-30T00:00:00-04:00 New_York,66.41666667,78.16666667,0.004166667,78.95833333,6.708333333
2025-03-31T00:00:00-04:00 New_York,64.5,95.20833333,0.100000002,94.625,7.833333333
2025-04-01T00:00:00-04:00 New_York,61.33333333,80.54166667,0,55.20833333,5.166666667
2025-04-02T00:00:00-04:00 New_York,63.625,77.5,0,73.375,7.958333333
2025-04-03T00:00:00-04:00 New_York,70.95833333,77.91666667,0,68.625,9.208333333
2025-04-04T00:00:00-04:00 New_York,73.20833333,70.70833333,0,73.70833333,7.541666667
2025-04-05T00:00:00-04:00 New_York,74.95833333,66.70833333,0,51.625,8.916666667
2025-04-06T00:00:00-04:00 New_York,70.04166667,79.125,0.054166666,78.41666667,12.70833333
2025-04-07T00:00:00-04:00 New_York,58.41666667,98.04166667,0.454166668,94.45833333,8.625
2025-04-08T00:00:00-04:00 New_York,48.58333333,78.58333333,0,29.83333333,10.79166667
2025-04-09T00:00:00-04:00 New_York,51.41666667,63.20833333,0,0.708333333,6.833333333
2025-04-10T00:00:00-04:00 New_York,59.54166667,66.875,0,50.58333333,6.125
2025-04-11T00:00:00-04:00 New_York,55,83.25,0.029166667,75.75,12.45833333
2025-04-12T00:00:00-04:00 New_York,52.16666667,70.25,0,11.91666667,11.33333333
2025-04-13T00:00:00-04:00 New_York,57,58.45833333,0,0,4.291666667
2025-04-14T00:00:00-04:00 New_York,67.79166667,57.875,0,2.75,9.25
2025-04-15T00:00:00-04:00 New_York,62.79166667,58.45833333,0,21.58333333,12.33333333
2025-04-16T00:00:00-04:00 New_York,58.16666667,51,0,4.666666667,8.833333333
2025-04-17T00:00:00-04:00 New_York,63.45833333,50.08333333,0,9.291666667,4.875
2025-04-18T00:00:00-04:00 New_York,68.95833333,54.41666667,0,10.625,7.166666667
2025-04-19T00:00:00-04:00 New_York,74.04166667,60.66666667,0,26.625,6.333333333
2025-04-20T00:00:00-04:00 New_York,76.125,62.25,0,90.625,6.375
2025-04-21T00:00:00-04:00 New_York,74.25,59.33333333,0,32.375,7.041666667
2025-04-22T00:00:00-04:00 New_York,72.70833333,65.125,0,67.83333333,4.166666667
2025-04-23T00:00:00-04:00 New_York,70.29166667,73.66666667,0,81.75,4.541666667
2025-04-24T00:00:00-04:00 New_York,72.33333333,69.5,0.004166667,50.625,6.333333333
2025-04-25T00:00:00-04:00 New_York,69.16666667,90.04166667,0.120833335,90.70833333,7.5
2025-04-26T00:00:00-04:00 New_York,68.66666667,90.04166667,0.054166667,61.45833333,6.666666667
2025-04-27T00:00:00-04:00 New_York,71.95833333,66.75,0,33.04166667,4.5
2025-04-28T00:00:00-04:00 New_York,68.70833333,69.5,0,63.41666667,8.125
2025-04-29T00:00:00-04:00 New_York,69.75,77.875,0,80.58333333,6.041666667
2025-04-30T00:00:00-04:00 New_York,74.33333333,73.5,0,59.83333333,5.291666667
2025-05-01T00:00:00-04:00 New_York,74.20833333,71.58333333,0.004166667,66.54166667,5.833333333
2025-05-02T00:00:00-04:00 New_York,73.95833333,70.33333333,0.050000001,44.45833333,5.083333333
2025-05-03T00:00:00-04:00 New_York,69.08333333,77.29166667,0.050000001,60.45833333,7
2025-05-04T00:00:00-04:00 New_York,63.75,74.16666667,0.095833334,43.625,8.541666667
2025-05-05T00:00:00-04:00 New_York,60.875,62.20833333,0,23.45833333,6.125
2025-05-06T00:00:00-04:00 New_York,67.58333333,59.45833333,0,13.5,5.333333333
2025-05-07T00:00:00-04:00 New_York,63.16666667,85.41666667,0.062500001,83.375,4.666666667
2025-05-08T00:00:00-04:00 New_York,66.16666667,88.625,0,100,3.166666667
2025-05-09T00:00:00-04:00 New_York,72.875,70.91666667,0,35,4.125
2025-05-10T00:00:00-04:00 New_York,60.54166667,86.125,0.020833334,100,8.958333333
2025-05-11T00:00:00-04:00 New_York,59.125,92.33333333,0.033333334,100,11
2025-05-12T00:00:00-04:00 New_York,66,91.95833333,0.12916667,87.33333333,6.375
2025-05-13T00:00:00-04:00 New_York,67.83333333,90.75,0.050000001,82.83333333,4.375
2025-05-14T00:00:00-04:00 New_York,73.25,74.5,0,24.20833333,5.083333333
2025-05-15T00:00:00-04:00 New_York,70.41666667,84.875,0,50.04166667,7.291666667
2025-05-16T00:00:00-04:00 New_York,74.16666667,83.875,0,76.125,7
2025-05-17T00:00:00-04:00 New_York,74.95833333,83.95833333,0,69.45833333,9.791666667
2025-05-18T00:00:00-04:00 New_York,77.41666667,78,0,42.45833333,5.75
2025-05-19T00:00:00-04:00 New_York,79.79166667,67.29166667,0,82.70833333,4.708333333
2025-05-20T00:00:00-04:00 New_York,81.41666667,65.125,0,24.29166667,7.375
2025-05-21T00:00:00-04:00 New_York,77.625,61.33333333,0.004166667,31.45833333,9.916666667
2025-05-22T00:00:00-04:00 New_York,76.58333333,53.29166667,0,10.54166667,9.416666667
2025-05-23T00:00:00-04:00 New_York,73.29166667,59.54166667,0,12.95833333,6.75
2025-05-24T00:00:00-04:00 New_York,66.625,63.16666667,0,54.25,4.208333333
2025-05-25T00:00:00-04:00 New_York,67.08333333,79.66666667,0.016666667,87.75,4.875
2025-05-26T00:00:00-04:00 New_York,73.29166667,86.33333333,0.116666669,77.45833333,4.875
2025-05-27T00:00:00-04:00 New_York,65.16666667,86.125,0,92.45833333,5.583333333
2025-05-28T00:00:00-04:00 New_York,73.45833333,84.25,0.004166667,61.33333333,3.375
2025-05-29T00:00:00-04:00 New_York,70.45833333,94.33333333,0.037500001,85.29166667,5.416666667
2025-05-30T00:00:00-04:00 New_York,68.875,92.04166667,0.033333334,89.20833333,8.083333333
2025-05-31T00:00:00-04:00 New_York,70.95833333,71.20833333,0,0.833333333,9.458333333
2025-06-01T00:00:00-04:00 New_York,74,62.20833333,0,45.16666667,5.375
2025-06-02T00:00:00-04:00 New_York,78.125,65.45833333,0,27.41666667,4.25
2025-06-03T00:00:00-04:00 New_York,79.91666667,61.875,0,15.16666667,6.583333333
2025-06-04T00:00:00-04:00 New_York,75.41666667,71.70833333,0,31.45833333,8.458333333
2025-06-05T00:00:00-04:00 New_York,75.91666667,78.70833333,0,55.625,5.375
2025-06-06T00:00:00-04:00 New_York,80.95833333,70.58333333,0.004166667,54.54166667,4
2025-06-07T00:00:00-04:00 New_York,83.95833333,67.875,0,16.70833333,7.291666667
2025-06-08T00:00:00-04:00 New_York,78.91666667,75.91666667,0.079166669,55.08333333,7
2025-06-09T00:00:00-04:00 New_York,77.375,76.375,0.041666667,61.66666667,5.833333333
2025-06-10T00:00:00-04:00 New_York,76.41666667,66.91666667,0.029166667,55.5,7.041666667
2025-06-11T00:00:00-04:00 New_York,79,67.79166667,0,50.75,2.875
2025-06-12T00:00:00-04:00 New_York,76.875,81.45833333,0,77.5,3.625
2025-06-13T00:00:00-04:00 New_York,76.5,85.125,0.004166667,75.79166667,4.666666667
2025-06-14T00:00:00-04:00 New_York,77.875,84.29166667,0.033333334,91.79166667,5.583333333
2025-06-15T00:00:00-04:00 New_York,76.45833333,85.04166667,0.004166667,52.54166667,6.958333333
2025-06-16T00:00:00-04:00 New_York,81.33333333,73.375,0,16.66666667,6.25
2025-06-17T00:00:00-04:00 New_York,82.20833333,73.5,0,18.375,7.833333333
2025-06-18T00:00:00-04:00 New_York,81.75,73.66666667,0,20.45833333,7.25
2025-06-19T00:00:00-04:00 New_York,78.625,76.20833333,0.004166667,44.33333333,7.833333333
2025-06-20T00:00:00-04:00 New_York,81.75,77.04166667,0,33.16666667,5.5
2025-06-21T00:00:00-04:00 New_York,84,67.625,0,61.16666667,2.916666667
2025-06-22T00:00:00-04:00 New_York,85.29166667,58.83333333,0,41.125,5.666666667
2025-06-23T00:00:00-04:00 New_York,85.33333333,60.70833333,0,24.54166667,3.666666667
2025-06-24T00:00:00-04:00 New_York,89.83333333,57.625,0,18.58333333,4.541666667
2025-06-25T00:00:00-04:00 New_York,88.375,64.625,0.0125,78.04166667,5.083333333
2025-06-26T00:00:00-04:00 New_York,86.20833333,61.95833333,0,54.875,4.458333333
2025-06-27T00:00:00-04:00 New_York,85.625,58.70833333,0,48.95833333,3.541666667
2025-06-28T00:00:00-04:00 New_York,78.66666667,82.125,0.050000001,88.20833333,5.25
2025-06-29T00:00:00-04:00 New_York,84.54166667,63.54166667,0,33,5.208333333
2025-06-30T00:00:00-04:00 New_York,78.08333333,82.33333333,0.020833334,66.04166667,3.875
2025-07-01T00:00:00-04:00 New_York,78.75,80.83333333,0.008333333,58.875,4.875
2025-07-02T00:00:00-04:00 New_York,77.375,86.04166667,0.050000001,85.45833333,4.541666667
2025-07-03T00:00:00-04:00 New_York,80.20833333,78.125,0,59.91666667,5.041666667
2025-07-04T00:00:00-04:00 New_York,83.95833333,60.75,0,39.33333333,5
2025-07-05T00:00:00-04:00 New_York,85.04166667,59.83333333,0,20.75,8.625
2025-07-06T00:00:00-04:00 New_York,85.33333333,53.04166667,0,3.958333333,5
2025-07-07T00:00:00-04:00 New_York,85.5,66.79166667,0,37.41666667,3.75
2025-07-08T00:00:00-04:00 New_York,87.91666667,57.45833333,0,27.41666667,4.208333333
2025-07-09T00:00:00-04:00 New_York,85.45833333,68.54166667,0,37.45833333,4.625
2025-07-10T00:00:00-04:00 New_York,81.45833333,70.66666667,0.029166667,72.95833333,5.666666667
2025-07-11T00:00:00-04:00 New_York,81.54166667,70.83333333,0.004166667,46.54166667,6.458333333
2025-07-12T00:00:00-04:00 New_York,83.95833333,67,0.004166667,32.16666667,5.75
2025-07-13T00:00:00-04:00 New_York,86.95833333,65.70833333,0,10.83333333,7.625
2025-07-14T00:00:00-04:00 New_York,88.20833333,57.5,0,12.625,7.125
2025-07-15T00:00:00-04:00 New_York,86.54166667,65.66666667,0.020833334,30.33333333,5.458333333
2025-07-16T00:00:00-04:00 New_York,82.95833333,77.125,0.116666668,60.5,7.041666667
2025-07-17T00:00:00-04:00 New_York,84.58333333,69.95833333,0,46.54166667,7.333333333
2025-07-18T00:00:00-04:00 New_York,85,65.625,0,24.58333333,6.125
2025-07-19T00:00:00-04:00 New_York,87.58333333,59.91666667,0,14.08333333,8.083333333
2025-07-20T00:00:00-04:00 New_York,86.79166667,62.375,0,9.875,7.75
2025-07-21T00:00:00-04:00 New_York,85.08333333,70.875,0,21.04166667,7.791666667
2025-07-22T00:00:00-04:00 New_York,85.70833333,68.41666667,0,22.08333333,5
2025-07-23T00:00:00-04:00 New_York,82.79166667,71.79166667,0.045833334,55.04166667,7.5
2025-07-24T00:00:00-04:00 New_York,83.33333333,66.75,0,32.58333333,6.5
2025-07-25T00:00:00-04:00 New_York,84.375,71.08333333,0,51.25,4.666666667
2025-07-26T00:00:00-04:00 New_York,87.95833333,59.95833333,0,7.75,5.208333333
2025-07-27T00:00:00-04:00 New_York,89.54166667,58.125,0,0,7
2025-07-28T00:00:00-04:00 New_York,90.58333333,56.08333333,0,0,8.125
2025-07-29T00:00:00-04:00 New_York,88.5,65.41666667,0.104166667,28.79166667,5.75
2025-07-30T00:00:00-04:00 New_York,83.66666667,73.45833333,0.020833334,69.16666667,3.333333333
2025-07-31T00:00:00-04:00 New_York,83.625,79.375,0.0125,45.91666667,4.458333333
2025-08-01T00:00:00-04:00 New_York,85.625,72.66666667,0,55.16666667,6.208333333
2025-08-02T00:00:00-04:00 New_York,78.79166667,79.70833333,0.0125,55.83333333,6.625
2025-08-03T00:00:00-04:00 New_York,69.04166667,83.125,0,100,8.5
2025-08-04T00:00:00-04:00 New_York,68.29166667,82.625,0,95.08333333,7.5
2025-08-05T00:00:00-04:00 New_York,69.66666667,94.04166667,0.12916667,83.41666667,7
2025-08-06T00:00:00-04:00 New_York,75.20833333,92.95833333,0.033333334,72.79166667,7.25
2025-08-07T00:00:00-04:00 New_York,75.16666667,88.45833333,0,58.75,7.041666667
2025-08-08T00:00:00-04:00 New_York,72.16666667,91.08333333,0,87.33333333,7.208333333
2025-08-09T00:00:00-04:00 New_York,75.70833333,81.79166667,0,60.70833333,7.833333333
2025-08-10T00:00:00-04:00 New_York,77.16666667,83.29166667,0.025,56.70833333,9
2025-08-11T00:00:00-04:00 New_York,75.41666667,88,0,88.83333333,6.5
2025-08-12T00:00:00-04:00 New_York,79,85.75,0.020833334,79.66666667,4.791666667
2025-08-13T00:00:00-04:00 New_York,80.95833333,82.58333333,0.041666667,66.83333333,3.041666667
2025-08-14T00:00:00-04:00 New_York,84.20833333,70.29166667,0,20.41666667,4
2025-08-15T00:00:00-04:00 New_York,86.83333333,66.625,0.0125,34.16666667,3.291666667
2025-08-16T00:00:00-04:00 New_York,86.08333333,67.20833333,0,35.625,3.041666667
2025-08-17T00:00:00-04:00 New_York,82.58333333,75.41666667,0.004166667,54.29166667,3.208333333
2025-08-18T00:00:00-04:00 New_York,84.875,71.75,0,38.04166667,3.666666667
2025-08-19T00:00:00-04:00 New_York,82,79.66666667,0.029166667,50.04166667,4.75
2025-08-20T00:00:00-04:00 New_York,82.70833333,73.625,0,21.625,3.625
2025-08-21T00:00:00-04:00 New_York,83.375,69.25,0,21.20833333,5.083333333
2025-08-22T00:00:00-04:00 New_York,79.16666667,86.04166667,0.041666667,84.125,5.958333333
2025-08-23T00:00:00-04:00 New_York,73,94.125,0.058333334,83.04166667,7.583333333
2025-08-24T00:00:00-04:00 New_York,71.625,93.08333333,0.016666667,87.70833333,3.583333333
2025-08-25T00:00:00-04:00 New_York,73.54166667,84.04166667,0,57.29166667,9.75
2025-08-26T00:00:00-04:00 New_York,72.91666667,61.70833333,0,38.125,6.625
2025-08-27T00:00:00-04:00 New_York,71.54166667,59.5,0,32.41666667,5.125
2025-08-28T00:00:00-04:00 New_York,71.75,68.625,0,85.20833333,3.25
2025-08-29T00:00:00-04:00 New_York,77.125,69.33333333,0,48.91666667,4.5
2025-08-30T00:00:00-04:00 New_York,73.91666667,77.33333333,0,56.125,6.583333333
2025-08-31T00:00:00-04:00 New_York,71.16666667,76.58333333,0,57.16666667,5.208333333
2025-09-01T00:00:00-04:00 New_York,72.41666667,65.33333333,0,50.29166667,7.541666667
2025-09-02T00:00:00-04:00 New_York,74.5,53.875,0,18.91666667,5.041666667
2025-09-03T00:00:00-04:00 New_York,74,62.54166667,0,22.66666667,3.625
2025-09-04T00:00:00-04:00 New_York,79.79166667,57.16666667,0,31.83333333,4.458333333
2025-09-05T00:00:00-04:00 New_York,82.75,58.125,0,34.25,3.625
2025-09-06T00:00:00-04:00 New_York,84.20833333,57.125,0,58.41666667,4.291666667
2025-09-07T00:00:00-04:00 New_York,75.66666667,64.29166667,0,27.29166667,6.708333333
2025-09-08T00:00:00-04:00 New_York,70.5,53.5,0,87.83333333,9.041666667
2025-09-09T00:00:00-04:00 New_York,71.625,57.16666667,0,66.625,9.583333333
2025-09-10T00:00:00-04:00 New_York,73.29166667,53.83333333,0,0.833333333,4.666666667
2025-09-11T00:00:00-04:00 New_York,76.33333333,55.25,0,20.04166667,3.291666667
2025-09-12T00:00:00-04:00 New_York,77.5,57.29166667,0,22.83333333,4.416666667
2025-09-13T00:00:00-04:00 New_York,76.83333333,54.04166667,0,22.33333333,4.708333333
2025-09-14T00:00:00-04:00 New_York,79.25,51.95833333,0,30.5,3.25
2025-09-15T00:00:00-04:00 New_York,77.41666667,54.91666667,0,78.41666667,4.791666667
2025-09-16T00:00:00-04:00 New_York,79.08333333,52.625,0,22.29166667,4.583333333
2025-09-17T00:00:00-04:00 New_York,77.45833333,58.95833333,0,18.54166667,3.333333333
2025-09-18T00:00:00-04:00 New_York,79,61.25,0.004166667,24.5,3.958333333
2025-09-19T00:00:00-04:00 New_York,79.625,64.58333333,0.0625,52.70833333,4.208333333
2025-09-20T00:00:00-04:00 New_York,77.16666667,77.41666667,0.087500003,31.5,5.125
2025-09-21T00:00:00-04:00 New_York,79.04166667,65.41666667,0,23.29166667,5.208333333
2025-09-22T00:00:00-04:00 New_York,79.91666667,55.25,0,35.20833333,5.166666667
2025-09-23T00:00:00-04:00 New_York,80.20833333,57.29166667,0,22.125,3.5
2025-09-24T00:00:00-04:00 New_York,82.41666667,58,0,33.58333333,5.75